-- CREATE schema assignment
CREATE SCHEMA assignment;

-- CREATE Customers table in the assignment schema
CREATE TABLE assignment.customers (
    customer_id int PRIMARY KEY,
    first_name varchar(50),
    last_name varchar(50),
    email varchar(100),
    phone_number varchar(50),
    registration_date date,
    membership_status varchar(10)
);

-- CREATE Products table in the assignment schema
CREATE TABLE assignment.products (
    product_id int PRIMARY KEY,
    product_name varchar(100),
    category varchar(50),
    price DECIMAL(10, 2),
    supplier varchar(100),
    stock_quantity int
);

-- CREATE Sales table in the assignment schema
CREATE TABLE assignment.sales (
    sale_id int PRIMARY KEY,
    customer_id int,
    product_id int,
    quantity_sold int,
    sale_date date,
    total_amount DECIMAL(10, 2),
    FOREIGN KEY (customer_id) REFERENCES assignment.customers (customer_id),
    FOREIGN KEY (product_id) REFERENCES assignment.products (product_id)
);

-- CREATE Inventory table in the assignment schema
CREATE TABLE assignment.inventory (
    product_id int PRIMARY KEY,
    stock_quantity int,
    FOREIGN KEY (product_id) REFERENCES assignment.products (product_id)
);

-- Inserting data into assignment.Customers table
INSERT INTO assignment.Customers (customer_id, first_name, last_name, email, phone_number, registration_date, membership_status)
VALUES
    (1, 'Karen', 'Molina', 'gonzalezkimberly@glass.com', '(728)697-1206', '2020-08-27', 'Bronze'),
    (2, 'Elizabeth', 'Archer', 'tramirez@gmail.com', '778.104.6553', '2023-08-28', 'Silver'),
    (3, 'Roberta', 'Massey', 'davislori@gmail.com', '+1-365-606-7458x399', '2024-06-12', 'Bronze'),
    (4, 'Jacob', 'Adams', 'andrew72@hotmail.com', '246-459-1425x462', '2023-02-10', 'Gold'),
    (5, 'Cynthia', 'Lowery', 'suarezkiara@ramsey.com', '001-279-688-8177x4015', '2020-11-13', 'Silver'),
    (6, 'Emily', 'King', 'igoodwin@howard.com', '(931)575-5422x5900', '2021-05-01', 'Silver'),
    (7, 'Linda', 'Larsen', 'pware@yahoo.com', '289-050-2028x7673', '2021-08-20', 'Silver'),
    (8, 'Angela', 'Hanson', 'zanderson@gmail.com', '+1-403-917-3585', '2023-03-17', 'Bronze'),
    (9, 'Whitney', 'Wilson', 'norma70@yahoo.com', '001-594-317-6656', '2024-01-27', 'Bronze'),
    (10, 'Angela', 'Atkins', 'burnsjorge@medina.org', '344.217.5788', '2025-02-05', 'Silver'),
    (11, 'Gary', 'Lucero', 'ssnyder@hotmail.com', '001-842-595-7853', '2024-10-08', 'Silver'),
    (12, 'Matthew', 'Romero', 'jennifer22@gmail.com', '556.328.91896', '2022-04-07', 'Bronze'),
    (13, 'Ronald', 'Thompson', 'hramos@hayes.biz', '298-487-2483', '2023-07-31', 'Bronze'),
    (14, 'Suzanne', 'Anderson', 'michaelcole@ruiz-ware.com', '+1-018-029-7257', '2023-11-02', 'Bronze'),
    (15, 'Mary', 'Kelly', 'matthewmurphy@gmail.com', '(845)934-9x286', '2021-01-20', 'Bronze'),
    (16, 'John', 'George', 'burnettlauren@gmail.com', '+1-708-200-4286', '2022-05-17', 'Bronze'),
    (17, 'James', 'Rodriguez', 'brownbrian@blair-sanford.com', '8826047658', '2022-11-25', 'Gold'),
    (18, 'Steven', 'Burnett', 'zblackburn@yahoo.com', '(055)912-6726x1246', '2020-01-28', 'Gold'),
    (19, 'Jonathan', 'White', 'millsseth@choi-kelly.org', '755-979-1934x772', '2022-02-06', 'Bronze'),
    (20, 'Christopher', 'Santiago', 'heidimaddox@hotmail.com', '118-589-6973x058', '2021-10-16', 'Silver'),
    (21, 'John', 'Diaz', 'gsmith@hotmail.com', '369.915.4337', '2022-09-17', 'Gold'),
    (22, 'Curtis', 'Rose', 'ryanmartinez@moore.com', '(921)461-2128', '2021-12-14', 'Bronze'),
    (23, 'Charles', 'Hughes', 'jonesangela@frank-lynn.com', '(152)603-5387x8994', '2024-07-29', 'Silver'),
    (24, 'Sarah', 'Cooke', 'whitedennis@tucker.org', '(641)830-6756x56741', '2024-12-15', 'Bronze'),
    (25, 'Luis', 'Harrison', 'melvin70@gmail.com', '516.509.9493', '2021-08-19', 'Silver'),
    (26, 'Annette', 'Greene', 'aaron68@hall.com', '(733)734-1847x1078', '2025-04-12', 'Bronze'),
    (27, 'Melissa', 'Jacobson', 'becklarry@gmail.com', '562-245-7784x4729', '2023-04-28', 'Bronze'),
    (28, 'Julie', 'Gardner', 'adamsrodney@hall.com', '+1-014-029-3206x188', '2024-03-31', 'Gold'),
    (29, 'Margaret', 'Taylor', 'lfuller@hotmail.com', '(299)340-8900x297', '2021-09-06', 'Bronze'),
    (30, 'Erika', 'Mckee', 'wsmith@gmail.com', '(160)040-7321', '2021-05-25', 'Silver'),
    (31, 'Donna', 'Whitney', 'justinnicholson@gmail.com', '7086491657', '2022-08-07', 'Gold'),
    (32, 'Kristina', 'Wade', 'ashley30@richards-young.com', '603-604-2831x303', '2024-03-16', 'Silver'),
    (33, 'Joshua', 'Green', 'ihartman@yahoo.com', '988-232-8285x00933', '2024-05-14', 'Silver'),
    (34, 'John', 'Leblanc', 'herickson@green.info', '229.016.2527x20209', '2022-12-24', 'Silver'),
    (35, 'Nicholas', 'Campbell', 'ghernandez@hotmail.com', '(982)215-6626', '2022-06-06', 'Gold'),
    (36, 'Christopher', 'Hicks', 'ryan48@gmail.com', '884.881.7758', '2021-04-03', 'Silver'),
    (37, 'Craig', 'Miller', 'scampbell@johnson.net', '390-328-7286x021', '2024-04-30', 'Silver'),
    (38, 'Jennifer', 'Bailey', 'dwright@hotmail.com', '001-992-011-9250', '2022-09-07', 'Silver'),
    (39, 'Emma', 'Davis', 'lisalester@hotmail.com', '911.706.3025', '2021-06-04', 'Gold'),
    (40, 'Michael', 'Wilson', 'lmerritt@wallace-wang.com', '462.021.3233', '2025-01-14', 'Bronze'),
    (41, 'Sarah', 'Church', 'deniseramos@gmail.com', '(840)285-3653x61868', '2021-03-14', 'Silver'),
    (42, 'Carolyn', 'Stevenson', 'george62@garrison.net', '040.179.1155', '2024-07-26', 'Silver'),
    (43, 'Sarah', 'Cole', 'amandamartin@hotmail.com', '481-651-5206x4800', '2024-07-27', 'Silver'),
    (44, 'Jeremiah', 'Lozano', 'bethany38@lopez.net', '846-327-7426', '2023-01-02', 'Bronze'),
    (45, 'Leslie', 'Boyd', 'cartermorgan@scott-franco.com', '+1-583-786-3525', '2022-10-22', 'Silver'),
    (46, 'Carrie', 'Anderson', 'stevenlivingston@yahoo.com', '+1-086-709-5530x6149', '2024-08-23', 'Gold'),
    (47, 'Jared', 'Davis', 'mooretodd@cook.com', '001-069-544-8807x2397', '2022-08-29', 'Bronze'),
    (48, 'James', 'Soto', 'patriciaburns@yahoo.com', '129.857.8193x421', '2023-01-27', 'Gold'),
    (49, 'Cody', 'Kline', 'bradfordleslie@hotmail.com', '+1-710-706-3703x7998', '2022-06-28', 'Bronze'),
    (50, 'Jennifer', 'Perkins', 'austinowens@hill.info', '762.009.1882', '2020-10-19', 'Silver');

SELECT
    *
FROM
    assignment.customers;

-- Inserting data into assignment.Products table
INSERT INTO assignment.Products (product_id, product_name, category, price, supplier, stock_quantity)
VALUES
    (1, 'Laptop', 'Electronics', 999.99, 'Dell', 50),
    (2, 'Smartphone', 'Electronics', 799.99, 'Samsung', 150),
    (3, 'Washing Machine', 'Appliances', 499.99, 'LG', 30),
    (4, 'Headphones', 'Accessories', 199.99, 'Sony', 100),
    (5, 'Refrigerator', 'Appliances', 1200.00, 'Whirlpool', 40),
    (6, 'Smart TV', 'Electronics', 1500.00, 'Samsung', 20),
    (7, 'Microwave', 'Appliances', 180.00, 'Panasonic', 75),
    (8, 'Blender', 'Appliances', 50.00, 'Ninja', 200),
    (9, 'Gaming Console', 'Electronics', 350.00, 'Sony', 60),
    (10, 'Wireless Mouse', 'Accessories', 25.00, 'Logitech', 300),
    (11, 'Keyboard', 'Accessories', 49.99, 'Logitech', 250),
    (12, 'Monitor', 'Electronics', 250.00, 'Acer', 120),
    (13, 'External Hard Drive', 'Electronics', 80.00, 'Seagate', 90),
    (14, 'Tablet', 'Electronics', 400.00, 'Apple', 70),
    (15, 'Smartwatch', 'Electronics', 199.99, 'Apple', 120);

SELECT
    *
FROM
    assignment.products;

-- Inserting data into assignment.Sales table
INSERT INTO assignment.Sales (sale_id, customer_id, product_id, quantity_sold, sale_date, total_amount)
VALUES
    (1, 1, 1, 1, '2023-07-15', 999.99),
    (2, 2, 2, 2, '2023-08-20', 1599.98),
    (3, 3, 3, 1, '2023-09-10', 499.99),
    (4, 4, 4, 3, '2023-07-25', 599.97),
    (5, 5, 5, 1, '2023-06-18', 1200.00),
    (6, 6, 6, 1, '2023-10-05', 1500.00),
    (7, 7, 7, 1, '2023-08-01', 180.00),
    (8, 8, 8, 2, '2023-09-02', 100.00),
    (9, 9, 9, 1, '2023-10-10', 350.00),
    (10, 10, 10, 3, '2023-11-12', 75.00),
    (11, 11, 11, 2, '2023-12-01', 100.00),
    (12, 12, 12, 1, '2023-12-07', 250.00),
    (13, 13, 13, 1, '2024-01-15', 80.00),
    (14, 14, 14, 1, '2024-02-05', 400.00),
    (15, 15, 15, 1, '2024-01-05', 199.99);

-- Inserting data into assignment.Inventory table
INSERT INTO assignment.inventory (product_id, stock_quantity)
VALUES
    (1, 50),
    (2, 150),
    (3, 30),
    (4, 100),
    (5, 40),
    (6, 20),
    (7, 75),
    (8, 200),
    (9, 60),
    (10, 300),
    (11, 250),
    (12, 120),
    (13, 90),
    (14, 70),
    (15, 120);

-- Select all data from assignment.Customers table
SELECT
    *
FROM
    assignments.customers;

-- Select all data from assignment.Products table
SELECT
    *
FROM
    assignments.products;

-- Select all data from assignment.Sales table
SELECT
    *
FROM
    assignments.Sales;

-- Select all data from assignment.Inventory table
SELECT
    *
FROM
    assignment.Inventory;

-- =====================================================
-- PART 2
-- =====================================================
-- =====================================================
-- SUBQUERY QUESTIONS
-- =====================================================
-- 51. Which customers have spent more than the average spending of all customers?
SELECT
    c.customer_id,
    c.first_name,
    sum(s.total_amount)
FROM
    customers c
    JOIN sales s ON s.customer_id = c.customer_id
GROUP BY
    c.customer_id,
    c.first_name
HAVING
    SUM(s.total_amount) > (
        SELECT
            AVG(avg_spending.customer_total)
        FROM (
            SELECT
                sum(total_amount) AS customer_total
            FROM
                sales
            GROUP BY
                customer_id) avg_spending);

SELECT
    p.product_name,
    price,
    avg(p.price)
FROM
    products p
WHERE
    p.price > (
        SELECT
            avg(price)
        FROM
            products)
    -- 52. Which products are priced higher than the average price of all products?
    SELECT
        p.product_id,
        p.product_name,
        p.price
    FROM
        products p
    WHERE
        p.price > (
            SELECT
                avg(price) AS avg_price
            FROM
                products);

SELECT
    *
FROM (
    SELECT
        p.product_id,
        p.product_name,
        p.price,
        AVG(p.price) OVER () AS avg_price
    FROM
        products p) t
WHERE
    price > avg_price;

-- 53. Which customers have never made a purchase?
SELECT
    c.customer_id,
    c.first_name || ' ' || c.last_name AS full_name
FROM
    customers c
    LEFT JOIN sales s ON c.customer_id = s.customer_id
WHERE
    s.customer_id IS NULL;

SELECT
    c.customer_id,
    c.first_name || ' ' || c.last_name AS full_name
FROM
    customers c
WHERE
    NOT EXISTS (
        SELECT
            1
        FROM
            sales s
        WHERE
            s.customer_id = c.customer_id);

-- 54. Which products have never been sold?
SELECT
    p.product_id,
    p.product_name,
    s.product_id
FROM
    products p
    LEFT JOIN sales s ON p.product_id = s.product_id
WHERE
    s.product_id IS NULL;

SELECT
    p.product_id,
    p.product_name
FROM
    products p
WHERE
    NOT EXISTS (
        SELECT
            1
        FROM
            sales s
        WHERE
            s.product_id = p.product_id);

-- 55. Which customer made the single most expensive purchase?
SELECT
    c.customer_id,
    c.first_name,
    p.price
FROM
    customers c
    JOIN sales s ON c.customer_id = s.customer_id
    JOIN products p ON s.product_id = p.product_id
WHERE
    p.price = (
        SELECT
            max(price)
        FROM
            products);

--Which customer made the single most expensive purchase?
SELECT
    c.customer_id,
    c.first_name,
    p.price
FROM
    customers c
    JOIN sales s ON c.customer_id = s.customer_id
    JOIN products p ON s.product_id = p.product_id
WHERE
    p.price = (
        SELECT
            MAX(price)
        FROM
            products);

-- 56. Which products have total sales greater than the average total sales across all products?
SELECT
    p.product_id,
    p.product_name,
    SUM(s.total_amount) AS total_sales
FROM
    products p
    JOIN sales s ON p.product_id = s.product_id
GROUP BY
    p.product_id,
    p.product_name
HAVING
    SUM(s.total_amount) > (
            SELECT
                AVG(total_amount)
            FROM
                sales);

SELECT
    p.product_id,
    p.product_name,
    SUM(s.total_amount) AS total_sales
FROM
    products p
    JOIN sales s ON p.product_id = s.product_id
GROUP BY
    p.product_id,
    p.product_name
HAVING
    SUM(s.total_amount) > (
            SELECT
                AVG(product_total)
            FROM (
                SELECT
                    SUM(total_amount) AS product_total
                FROM
                    sales
                GROUP BY
                    product_id) sub);

-- 57. Which customers registered earlier than the average registration date?
SELECT
    c.customer_id,
    c.first_name,
    c.registration_date
FROM
    customers c
WHERE
    c.registration_date < (
        SELECT
            to_timestamp(AVG(EXTRACT(epoch FROM registration_date)))::date
        FROM
            customers);

-- 58. Which products have a price higher than the average price within their own category?
SELECT
    p.product_id,
    p.product_name,
    p.category,
    p.price
FROM
    products p
WHERE
    p.price > (
        SELECT
            avg(p2.price)
        FROM
            products p2
        WHERE
            p2.category = p.category);

SELECT
    p.product_id,
    p.product_name,
    p.category,
    p.price
FROM
    products p
WHERE
    p.price > (
        SELECT
            AVG(p2.price)
        FROM
            products p2
        WHERE
            p2.category = p.category);

-- 59. Which customers have spent more than the customer with ID = 10?
SELECT
    s.customer_id,
    SUM(s.total_amount) AS total_spent
FROM
    sales s
GROUP BY
    s.customer_id
HAVING
    SUM(s.total_amount) > (
            SELECT
                SUM(s2.total_amount)
            FROM
                sales s2
            WHERE
                s2.customer_id = 10);

-- 60. Which products have total quantity sold greater than the overall average quantity sold?
SELECT
    p.product_id,
    p.product_name,
    SUM(s.quantity_sold) AS total_quantity_sold
FROM
    products p
    JOIN sales s ON p.product_id = s.product_id
GROUP BY
    p.product_id,
    p.product_name
HAVING
    SUM(s.quantity_sold) > (
            SELECT
                AVG(product_sold)
            FROM (
                SELECT
                    SUM(quantity_sold) AS product_sold
                FROM
                    sales
                GROUP BY
                    product_id));

-- =====================================================
-- COMMON TABLE EXPRESSIONS (CTEs)
-- =====================================================
-- 61.Create an intermediate result that calculates the total amount spent by each customer,
--     then determine which customers are the top 5 highest spenders.
WITH total_amount_spent AS (
    SELECT
        c.customer_id,
        c.first_name,
        SUM(s.total_amount) AS total_sales
    FROM
        customers c
        JOIN sales s ON c.customer_id = s.customer_id
    GROUP BY
        c.customer_id,
        c.first_name
)
SELECT
    *
FROM
    total_amount_spent
ORDER BY
    total_sales DESC
LIMIT 5;

-- 62. Create an intermediate result that calculates total quantity sold per product,
--     then determine which products are the top 3 most sold.
WITH total_quantity_sold_per_product AS (
    SELECT
        p.product_id,
        p.product_name,
        SUM(s.quantity_sold) total_quantity
    FROM
        products p
        JOIN sales s ON p.product_id = s.product_id
    GROUP BY
        p.product_id,
        p.product_name
)
SELECT
    *
FROM
    total_quantity_sold_per_product
ORDER BY
    total_quantity DESC
LIMIT 3;

-- 63. Create an intermediate result showing total sales per product category,
--     then determine which category generates the highest revenue.
WITH total_sales_per_product_category AS (
    SELECT
        p.category,
        SUM(s.total_amount) AS total_sales
    FROM
        products p
        JOIN sales s ON p.product_id = s.product_id
    GROUP BY
        p.category
)
SELECT
    *
FROM
    total_sales_per_product_category
ORDER BY
    total_sales DESC
LIMIT 1;

-- 64. Create an intermediate result that calculates the number of purchases per customer,
--     then identify customers who purchased more than twice.
WITH number_of_purchases_per_customer AS (
    SELECT
        c.customer_id,
        c.first_name,
        count(s.sale_id) AS purchase_count
    FROM
        customers c
        JOIN sales s ON c.customer_id = s.customer_id
    GROUP BY
        c.customer_id,
        c.first_name
)
SELECT
    *
FROM
    number_of_purchases_per_customer np
WHERE
    np.purchase_count > 2;

-- 65. Create an intermediate result that calculates the total quantity sold per product,
--     then determine which products sold more than the average quantity sold.
WITH total_quantity_sold_per_product AS (
    SELECT
        p.product_id,
        p.product_name,
        SUM(s.quantity_sold) AS total_quantity_sold
    FROM
        products p
        JOIN sales s ON p.product_id = s.product_id
    GROUP BY
        p.product_id,
        p.product_name
),
avg_quantity AS (
    SELECT
        AVG(s2.quantity_sold) AS avg_quantity_sold
    FROM
        sales s2
)
SELECT
    tq.product_id,
    tq.product_name,
    tq.total_quantity_sold
FROM
    total_quantity_sold_per_product tq
    CROSS JOIN avg_quantity aq
WHERE
    tq.total_quantity_sold > aq.avg_quantity_sold;

-- option 2
WITH total_quantity_sold_per_product AS (
    SELECT
        p.product_id,
        p.product_name,
        SUM(s.quantity_sold) AS total_quantity_sold
    FROM
        products p
        JOIN sales s ON p.product_id = s.product_id
    GROUP BY
        p.product_id,
        p.product_name
)
SELECT
    *
FROM
    total_quantity_sold_per_product tq
WHERE
    tq.total_quantity_sold > (
        SELECT
            AVG(quantity_sold)
        FROM
            sales);

-- 66. Create an intermediate result that calculates total spending per customer,
--     then determine which customers spent more than the average spending.
WITH total_spending_per_customer AS (
    SELECT
        c.customer_id,
        c.first_name,
        SUM(s.total_amount) AS total_spending
    FROM
        customers c
        JOIN sales s ON c.customer_id = s.customer_id
    GROUP BY
        c.customer_id,
        c.first_name
)
SELECT
    *
FROM
    total_spending_per_customer ts
WHERE
    ts.total_spending > (
        SELECT
            AVG(total_spending)
        FROM
            total_spending_per_customer)
ORDER BY
    total_spending DESC;

-- option 2
WITH total_spending_per_customer AS (
    SELECT
        c.customer_id,
        c.first_name,
        SUM(s.total_amount) AS total_spending
    FROM
        customers c
        JOIN sales s ON c.customer_id = s.customer_id
    GROUP BY
        c.customer_id,
        c.first_name
),
avg_spending AS (
    SELECT
        AVG(total_spending) avg_spending
    FROM
        total_spending_per_customer
)
SELECT
    ts.customer_id,
    ts.first_name,
    ts.total_spending
FROM
    total_spending_per_customer ts
    CROSS JOIN avg_spending avs
WHERE
    ts.total_spending > avs.avg_spending;

-- 67. Create an intermediate result that calculates total revenue per product,
--     then list the products ordered from highest revenue to lowest.
WITH total_revenue_per_product AS (
    SELECT
        p.product_id,
        p.product_name,
        SUM(s.total_amount) AS total_revenue
    FROM
        products p
        JOIN sales s ON p.product_id = s.product_id
    GROUP BY
        p.product_id,
        p.product_name
)
SELECT
    *
FROM
    total_revenue_per_product tr
ORDER BY
    tr.total_revenue DESC;

-- 68. Create an intermediate result showing monthly sales totals,
--     then determine which month had the highest revenue.
WITH monthly_sales AS (
    SELECT
        EXTRACT(YEAR FROM s.sale_date) AS year_,
        EXTRACT(MONTH FROM s.sale_date) AS month_,
        SUM(s.total_amount) AS total_revenue
    FROM
        sales s
    GROUP BY
        month_,
        year_
)
SELECT
    *
FROM
    monthly_sales ms
ORDER BY
    ms.total_revenue DESC
LIMIT 1;

-- option 2
WITH monthly_sales AS (
    SELECT
        date_trunc('month', s.sale_date) AS month_,
        SUM(s.total_amount) AS total_revenue
    FROM
        sales s
    GROUP BY
        month_
)
SELECT
    *
FROM
    monthly_sales ms
ORDER BY
    ms.total_revenue DESC
LIMIT 1;

-- 69. Create an intermediate result that calculates the number of sales per product,
--     then determine which products were purchased by more than three customers.
WITH number_of_customer_per_product AS (
    SELECT
        p.product_id,
        p.product_name,
        count(DISTINCT (s.customer_id)) AS customer_count
    FROM
        products p
        JOIN sales s ON p.product_id = s.product_id
    GROUP BY
        p.product_id,
        p.product_name
)
SELECT
    *
FROM
    number_of_customer_per_product np
WHERE
    np.customer_count > 3;

-- 70. Create an intermediate result showing total quantity sold per product,
--     then identify products that sold less than the average quantity sold.
WITH total_quantity_sold_per_product AS (
    SELECT
        p.product_id,
        p.product_name,
        SUM(s.quantity_sold) AS total_quantity
    FROM
        products p
        JOIN sales s ON p.product_id = s.product_id
    GROUP BY
        p.product_id,
        p.product_name
)
SELECT
    *
FROM
    total_quantity_sold_per_product tp
WHERE
    tp.total_quantity < (
        SELECT
            AVG(total_quantity)
        FROM
            total_quantity_sold_per_product);

-- =====================================================
-- WINDOW FUNCTION QUESTIONS
-- =====================================================
-- 71. Rank customers based on the total amount they have spent.
SELECT
    c.customer_id,
    c.first_name,
    c.last_name,
    sum(s.total_amount) AS total_spent,
    RANK() OVER (ORDER BY SUM(s.total_amount) DESC) AS rnk
FROM
    customers c
    JOIN sales s ON c.customer_id = s.customer_id
GROUP BY
    c.customer_id,
    c.first_name,
    c.last_name;

-- 72. Rank products based on total quantity sold.
SELECT
    p.product_id,
    p.product_name,
    sum(s.quantity_sold) AS total_quantity_sold,
    rank() OVER (ORDER BY SUM(s.quantity_sold) DESC) AS rnk
FROM
    products p
    JOIN sales s ON p.product_id = s.product_id
GROUP BY
    p.product_id,
    p.product_name;

-- option 2
WITH total_products AS (
    SELECT
        p.product_id,
        p.product_name,
        sum(s.quantity_sold) AS total_quantity
    FROM
        products p
        JOIN sales s ON p.product_id = s.product_id
    GROUP BY
        p.product_id,
        p.product_name
)
SELECT
    *,
    rank() OVER (ORDER BY total_quantity DESC) AS rnk
FROM
    total_products;

-- 73. Identify the 3rd highest spending customer.
WITH total_spent_per_customer AS (
    SELECT
        c.customer_id,
        c.first_name,
        c.last_name,
        sum(s.total_amount) AS total_spent
    FROM
        customers c
        JOIN sales s ON c.customer_id = s.customer_id
    GROUP BY
        c.customer_id,
        c.first_name,
        c.last_name
),
ranked_customers AS (
    SELECT
        *,
        RANK() OVER (ORDER BY total_spent DESC) AS rnk
    FROM
        total_spent_per_customer tc
)
SELECT
    *
FROM
    ranked_customers
WHERE
    rnk = 3;

-- 74. Identify the 2nd most expensive product.
WITH ranked_product AS (
    SELECT
        p.product_id,
        p.product_name,
        p.price,
        rank() OVER (ORDER BY p.price DESC) AS rnk
    FROM
        products p
    GROUP BY
        p.product_id,
        p.product_name,
        p.price
)
SELECT
    *
FROM
    ranked_product
WHERE
    rnk = 2;

-- 75. Show the ranking of products within each category based on price.
SELECT
    p.product_name,
    p.category,
    p.price,
    rank() OVER (PARTITION BY p.category ORDER BY p.price DESC) AS rnk
FROM
    products p;

-- 76. Show the ranking of customers based on the number of purchases they made.
SELECT
    *,
    rank() OVER (ORDER BY total_purchase DESC) AS rnk
FROM (
    SELECT
        s.customer_id,
        count(s.sale_id) AS total_purchase
    FROM
        sales s
    GROUP BY
        s.customer_id);

-- 77. Show the running total of sales amounts ordered by sale_date.
SELECT
    *
FROM
    sales;

SELECT
    s.sale_date,
    SUM(s.total_amount) OVER (ORDER BY s.sale_date) AS running_total
FROM
    sales s;

-- 78. Show the previous sale amount for each sale ordered by sale_date.
SELECT
    s.sale_date,
    s.total_amount,
    lag(s.total_amount, 1, 0) OVER (ORDER BY s.sale_date) AS previous_amount
FROM
    sales s;

-- 79. Show the next sale amount for each sale ordered by sale_date.
SELECT
    s.sale_date,
    s.total_amount,
    lead(s.total_amount, 1, 0) OVER (ORDER BY s.sale_date) AS next_amount
FROM
    sales s;

SELECT
    s.sale_date,
    s.total_amount,
    lead(s.total_amount, 1, 0) OVER (ORDER BY s.sale_date) AS next_amount
FROM
    sales s;

-- 80. Divide customers into 4 groups based on total spending.
WITH customer_total AS (
    SELECT
        s.customer_id,
        sum(s.total_amount) AS total_spending
    FROM
        sales s
    GROUP BY
        s.customer_id
)
SELECT
    *,
    ntile(4) OVER (ORDER BY total_spending DESC) AS spending_group
FROM
    customer_total;

CREATE EXTENSION tablefunc;

SELECT
    *
FROM
    crosstab ('SELECT p.category::text, c.membership_status, SUM(s.total_amount)
     FROM products p
     JOIN sales s ON s.product_id = p.product_id
     JOIN customers c ON c.customer_id = s.customer_id
     GROUP BY p.category, c.membership_status
     ORDER BY 1,2') AS ct (category TEXT,
        gold NUMERIC,
        silver NUMERIC,
        bronze NUMERIC);

SELECT
    *
FROM
    crosstab ('SELECT p.category::text, c.membership_status, SUM(s.total_amount)
     FROM products p
     JOIN sales s ON s.product_id = p.product_id
     JOIN customers c ON c.customer_id = s.customer_id
     GROUP BY p.category, c.membership_status
     ORDER BY 1,2') AS ct (category TEXT,
        bronze NUMERIC,
        gold NUMERIC,
        silver NUMERIC);

SELECT
    *
FROM
    crosstab ('SELECT p.category::text, c.membership_status, SUM(s.total_amount)
     FROM products p
     JOIN sales s ON s.product_id = p.product_id
     JOIN customers c ON c.customer_id = s.customer_id
     GROUP BY p.category, c.membership_status
     ORDER BY 1,2', 'SELECT unnest(ARRAY[''Bronze'',''Gold'',''Silver''])') AS ct (category TEXT,
        bronze NUMERIC,
        gold NUMERIC,
        silver NUMERIC);

-- =====================================================
-- ADVANCED ANALYTICAL QUESTIONS
-- =====================================================
-- 81. Which customers bought products in more than one category?
SELECT
    s.customer_id,
    COUNT(DISTINCT p.category) AS category_count
FROM
    sales s
    JOIN products p ON p.product_id = s.product_id
GROUP BY
    s.customer_id
HAVING
    COUNT(DISTINCT p.category) > 1;

-- 82. Which customers purchased products within 7 days of registering?
SELECT
    c.customer_id,
    c.registration_date
FROM
    customers c
    JOIN sales s ON c.customer_id = s.customer_id
    JOIN products p ON s.product_id = p.product_id
WHERE
    s.sale_date - c.registration_date BETWEEN 0 AND 7
GROUP BY
    c.customer_id;

-- 83. Which products have lower stock remaining than the average stock quantity?
WITH avg_stock_quant AS (
    SELECT
        AVG(p.stock_quantity) AS avg_stock
    FROM
        products p
)
SELECT
    p.product_id,
    p.product_name,
    p.stock_quantity
FROM
    products p
    CROSS JOIN avg_stock_quant AS aq
WHERE
    p.stock_quantity < aq.avg_stock;

-- 84. Which customers purchased the same product more than once?
SELECT
    c.customer_id,
    p.product_name,
    count(*) AS product_count
FROM
    customers c
    JOIN sales s ON c.customer_id = s.customer_id
    JOIN products p ON s.product_id = p.product_id
GROUP BY
    c.customer_id,
    p.product_name
HAVING
    count(*) > 1;

-- 85. Which product categories generated the highest total revenue?
SELECT
    p.category,
    SUM(s.total_amount) AS total_revenue
FROM
    products p
    JOIN sales s ON p.product_id = s.product_id
GROUP BY
    p.category
ORDER BY
    total_revenue DESC
LIMIT 1;

-- 86. Which products are among the top 3 most sold products?
SELECT
    p.product_id,
    p.product_name,
    count(s.sale_id) AS sold_product
FROM
    products p
    JOIN sales s ON p.product_id = s.product_id
GROUP BY
    p.product_id,
    p.product_name
ORDER BY
    sold_product DESC
LIMIT 3;

-- 87. Which customers purchased the most expensive product?
SELECT
    c.customer_id,
    c.first_name || ' ' || c.last_name AS full_name,
    p.product_name,
    p.price
FROM
    customers c
    JOIN sales s ON c.customer_id = s.customer_id
    JOIN products p ON s.product_id = p.product_id
WHERE
    p.price = (
        SELECT
            max(price)
        FROM
            products);

-- 88. Which products were purchased by the highest number of unique customers?
SELECT
    p.product_id,
    p.product_name,
    count(DISTINCT s.customer_id) AS unique_customers
FROM
    products p
    JOIN sales s ON p.product_id = s.product_id
GROUP BY
    p.product_id,
    p.product_name
ORDER BY
    unique_customers DESC
LIMIT 1;

WITH product_counts AS (
    SELECT
        p.product_id,
        p.product_name,
        COUNT(DISTINCT s.customer_id) AS unique_customers
    FROM
        products p
        JOIN sales s ON p.product_id = s.product_id
    GROUP BY
        p.product_id,
        p.product_name
)
SELECT
    *
FROM
    product_counts
WHERE
    unique_customers = (
        SELECT
            MAX(unique_customers)
        FROM
            product_counts)
ORDER BY
    unique_customers DESC
LIMIT 1;

-- 89. Which customers made purchases above the average sale amount?
WITH avg_sale_calc AS (
    SELECT
        avg(s.total_amount) AS avg_sales
    FROM
        sales s
)
SELECT
    c.customer_id,
    c.first_name || ' ' || c.last_name AS full_name,
    s.total_amount
FROM
    customers c
    JOIN sales s ON c.customer_id = s.customer_id
    CROSS JOIN avg_sale_calc
WHERE
    s.total_amount > avg_sales;

-- 90. Which customers purchased more products than the average quantity purchased per customer?
WITH customer_avg AS (
    SELECT
        c.customer_id,
        sum(s.quantity_sold) AS total_quantity
    FROM
        customers c
        JOIN sales s ON c.customer_id = s.customer_id
    GROUP BY
        c.customer_id
)
SELECT
    *
FROM
    customer_avg
WHERE
    total_quantity > (
        SELECT
            AVG(total_quantity)
        FROM
            customer_avg);

-- =====================================================
-- ADVANCED WINDOW + ANALYTICAL PROBLEMS
-- =====================================================
-- 91. Which customers rank in the top 10% of spending?
-- 92. Which products contribute to the top 50% of total revenue?
-- 93. Which customers made purchases in consecutive months?
-- 94. Which products experienced the largest difference between stock quantity and total quantity sold?
-- 95. Which customers have spending above the average spending of their membership tier?
-- 96. Which products have higher sales than the average sales within their category?
-- 97. Which customer made the largest single purchase relative to their total spending?
-- 98. Which products rank among the top 3 most sold products within each category?
-- 99. Which customers are tied for the highest total spending?
-- 100. Which products generated sales every year present in the dataset?
